col,mean,std
area_worst,880.5831000000 ,569.3570000000 
area_mean ,654.8891000000 ,351.9141000000 
concave.points_mean,0.0489191500 ,0.0388028400 
concave.points_worst,0.1146062000 ,0.0657323400 
